{"stats":{"minecraft:picked_up":{"minecraft:stick":2,"minecraft:arrow":1,"bloodandmadness:coldblood_dew":6,"minecraft:bone":3,"theabyss:guide_book":5,"minecraft:spruce_sapling":1,"minecraft:spruce_log":44,"minecraft:dirt":4},"minecraft:custom":{"minecraft:play_one_minute":11130,"minecraft:time_since_rest":1711,"minecraft:crouch_one_cm":887,"minecraft:walk_one_cm":20786,"minecraft:sprint_one_cm":19818,"minecraft:deaths":14,"minecraft:sneak_time":299,"minecraft:mob_kills":2,"minecraft:drop":1,"minecraft:jump":199,"minecraft:damage_dealt":352,"minecraft:leave_game":2,"minecraft:time_since_death":0,"minecraft:damage_taken":1373,"minecraft:interact_with_crafting_table":1,"minecraft:fall_one_cm":7889,"minecraft:fly_one_cm":27301},"minecraft:mined":{"minecraft:large_fern":3,"minecraft:grass":2,"minecraft:grass_block":2,"minecraft:dirt":3,"minecraft:spruce_leaves":2,"minecraft:spruce_log":18},"minecraft:killed_by":{"lycanitesmobs:grue":2,"minecraft:skeleton":4,"minecraft:zombie":1,"lycanitesmobs:darkling":7},"minecraft:dropped":{"byg:pendorite_battleaxe":1},"minecraft:used":{"minecraft:dirt":3,"minecraft:crafting_table":1,"byg:pendorite_battleaxe":4,"minecraft:wooden_axe":7},"minecraft:killed":{"minecraft:skeleton":1,"lycanitesmobs:roc":1},"minecraft:crafted":{"minecraft:crafting_table":1,"minecraft:spruce_planks":20,"minecraft:stick":4,"minecraft:wooden_axe":1}},"DataVersion":2586}