{"stats":{"minecraft:dropped":{"byg:pendorite_battleaxe":1},"minecraft:picked_up":{"minecraft:stick":4,"theabyss:guide_book":5,"minecraft:spruce_sapling":2,"minecraft:spruce_log":44,"minecraft:dirt":4,"minecraft:bone":3,"bloodandmadness:coldblood_dew":12,"minecraft:arrow":1,"bloodandmadness:quicksilver_bullet":1,"bloodandmadness:blood_vial":2,"bloodandmadness:blood_stone_shard":1},"minecraft:custom":{"minecraft:time_since_rest":10265,"minecraft:sprint_one_cm":30675,"minecraft:damage_taken":1605,"minecraft:walk_one_cm":34103,"minecraft:mob_kills":3,"minecraft:drop":1,"minecraft:damage_dealt":1244,"minecraft:interact_with_crafting_table":1,"minecraft:fly_one_cm":197540,"minecraft:crouch_one_cm":1687,"minecraft:play_one_minute":22812,"minecraft:deaths":15,"minecraft:sneak_time":575,"minecraft:jump":293,"minecraft:leave_game":3,"minecraft:walk_on_water_one_cm":264,"minecraft:time_since_death":10226,"minecraft:climb_one_cm":153,"minecraft:fall_one_cm":10581},"minecraft:crafted":{"minecraft:crafting_table":1,"minecraft:spruce_planks":20,"minecraft:stick":4,"minecraft:wooden_axe":1},"minecraft:killed":{"minecraft:skeleton":1,"bloodandmadness:church_doctor":1,"lycanitesmobs:roc":1},"minecraft:killed_by":{"lycanitesmobs:grue":3,"lycanitesmobs:darkling":7,"minecraft:skeleton":4,"minecraft:zombie":1},"minecraft:mined":{"minecraft:large_fern":3,"minecraft:spruce_log":18,"minecraft:grass":2,"minecraft:grass_block":2,"minecraft:dirt":3,"minecraft:spruce_leaves":2,"minecraft:fern":1},"minecraft:used":{"minecraft:wooden_axe":7,"byg:pendorite_battleaxe":4,"bloodandmadness:shadow_blade":4,"minecraft:spruce_sapling":9,"spartanweaponry:hammer_netherite":7,"bloodandmadness:church_doctor_spawn_egg":2,"minecraft:dirt":3,"minecraft:crafting_table":1,"bloodandmadness:blood_vial":2}},"DataVersion":2586}